Generation, Color, Speed, Fit, ScaledFit, Age
1,0,2,0.894944523028462,0.288710725857513,0
1,1,0,-299.107264151137,-0.86602540285162,0
1,3,5,0.884002862766499,0.288668610399535,0
1,1,7,0.878145947829115,0.288646066594572,0
2,0,2,0.897013934153663,0.288675134594815,0
2,0,2,0.897013934153663,0.288675134594815,0
2,0,2,0.897013934153663,0.288675134594815,1
2,3,5,0.864874759591915,-0.866025403784437,1
