Generation, Color, Speed, Fit, ScaledFit, Age
1,1,6,0,0.288675134594813,0
1,2,7,-10,-0.866025403784439,0
1,2,3,0,0.288675134594813,0
1,1,1,0,0.288675134594813,0
2,1,6,0,0.288675134594813,0
2,1,6,0,0.288675134594813,0
2,1,6,0,0.288675134594813,1
2,2,7,-10,-0.866025403784439,1
3,1,6,-10,NaN,0
3,1,6,-10,NaN,0
3,1,6,-10,NaN,1
3,1,6,-10,NaN,1
4,1,6,-10,NaN,0
4,1,6,-10,NaN,0
4,1,6,-10,NaN,1
4,1,6,-10,NaN,1
5,1,6,-10,NaN,0
5,1,6,-10,NaN,0
5,1,6,-10,NaN,1
5,1,6,-10,NaN,1
