Generation, Color, Speed, Fit, ScaledFit, Age
1,0,7,0.938491201655694,0.499897488620404,0
1,1,0,-299.026302025355,-0.499999994746247,0
1,2,0,-299.026302025355,-0.499999994746247,0
1,3,7,0.999993964397586,0.500102500872089,0
2,0,7,0.951657256389737,0.288675134594813,0
2,0,7,0.951657256389737,0.288675134594813,0
2,3,7,0.945774133674317,-0.866025403784439,1
2,0,7,0.951657256389737,0.288675134594813,1
